[{"guest":"Isadore Clapp","id":"1483808629","order_date":"2022-07-22T00:26","check_in":"2023-03-05","check_in_hour":"12:03 AM","check_out":"2023-05-18","check_out_hour":"10:33 PM","room_type":"Double Bed","room_number":"159","status":"Check In"},{"guest":"Tully Bernardeschi","id":"8534341974","order_date":"2022-12-20T07:23","check_in":"2023-02-26","check_in_hour":"4:46 PM","check_out":"2023-01-23","check_out_hour":"4:53 PM","room_type":"Double Bed","room_number":"947","status":"In Progress"},{"guest":"Malorie McMichan","id":"3036945350","order_date":"2022-08-01T18:44","check_in":"2023-05-08","check_in_hour":"2:12 AM","check_out":"2023-05-18","check_out_hour":"8:11 AM","room_type":"Double Bed","room_number":"051","status":"Check Out"},{"guest":"Florence Bartolijn","id":"8638796757","order_date":"2023-01-10T20:38","check_in":"2022-09-28","check_in_hour":"11:07 AM","check_out":"2022-09-12","check_out_hour":"8:50 PM","room_type":"Double Bed","room_number":"380","status":"In Progress"},{"guest":"Kat Matysik","id":"0111089042","order_date":"2022-11-07T08:11","check_in":"2023-02-04","check_in_hour":"8:52 AM","check_out":"2023-02-13","check_out_hour":"10:18 PM","room_type":"Suite","room_number":"992","status":"Check Out"},{"guest":"Mariya Burress","id":"5387643294","order_date":"2022-11-03T15:37","check_in":"2022-11-10","check_in_hour":"11:02 AM","check_out":"2022-06-26","check_out_hour":"4:10 AM","room_type":"Single Bed","room_number":"726","status":"Check In"},{"guest":"Andeee Garretts","id":"8057914475","order_date":"2023-01-22T21:28","check_in":"2022-12-05","check_in_hour":"5:34 AM","check_out":"2023-05-13","check_out_hour":"8:46 PM","room_type":"Single Bed","room_number":"914","status":"Check In"},{"guest":"Klaus Bris","id":"2687543853","order_date":"2022-06-17T04:17","check_in":"2022-12-11","check_in_hour":"6:02 PM","check_out":"2022-07-16","check_out_hour":"12:21 PM","room_type":"Single Bed","room_number":"790","status":"In Progress"},{"guest":"Saba McBeth","id":"8509758247","order_date":"2022-12-10T02:53","check_in":"2022-11-03","check_in_hour":"10:30 PM","check_out":"2022-07-06","check_out_hour":"1:47 PM","room_type":"Suite","room_number":"244","status":"In Progress"},{"guest":"Datha MacKeeg","id":"5773066947","order_date":"2022-12-19T09:29","check_in":"2022-08-02","check_in_hour":"12:41 PM","check_out":"2023-05-22","check_out_hour":"1:42 AM","room_type":"Single Bed","room_number":"150","status":"Check Out"},{"guest":"Sherman Oakly","id":"4056276307","order_date":"2022-12-10T20:13","check_in":"2022-11-13","check_in_hour":"10:53 AM","check_out":"2023-05-26","check_out_hour":"11:43 PM","room_type":"Single Bed","room_number":"407","status":"Check Out"},{"guest":"Winfield Shave","id":"2785296869","order_date":"2022-08-27T21:44","check_in":"2022-06-03","check_in_hour":"11:23 PM","check_out":"2022-11-09","check_out_hour":"2:14 PM","room_type":"Double Bed","room_number":"216","status":"Check In"},{"guest":"Irita Northrop","id":"5180203341","order_date":"2023-04-24T03:53","check_in":"2022-09-18","check_in_hour":"6:56 AM","check_out":"2023-01-25","check_out_hour":"7:55 PM","room_type":"Suite","room_number":"147","status":"In Progress"},{"guest":"Alvira Hanigan","id":"3546181832","order_date":"2023-05-25T21:11","check_in":"2023-01-22","check_in_hour":"6:40 PM","check_out":"2022-05-31","check_out_hour":"11:37 AM","room_type":"Double Superior","room_number":"441","status":"Check Out"},{"guest":"Ophelia Kemwal","id":"6948631274","order_date":"2022-12-01T07:47","check_in":"2023-01-11","check_in_hour":"2:38 PM","check_out":"2022-11-17","check_out_hour":"4:06 PM","room_type":"Single Bed","room_number":"432","status":"Check In"},{"guest":"Hyman Bescoby","id":"6147103997","order_date":"2023-02-20T16:08","check_in":"2023-02-14","check_in_hour":"1:02 AM","check_out":"2022-08-25","check_out_hour":"11:22 AM","room_type":"Double Bed","room_number":"888","status":"Check Out"},{"guest":"Helenka Prendeville","id":"7404152720","order_date":"2022-06-12T00:19","check_in":"2023-04-13","check_in_hour":"5:27 PM","check_out":"2022-12-29","check_out_hour":"5:08 PM","room_type":"Double Superior","room_number":"055","status":"In Progress"},{"guest":"Patrice Krugmann","id":"1592228747","order_date":"2022-12-20T20:06","check_in":"2023-02-02","check_in_hour":"5:54 AM","check_out":"2022-07-16","check_out_hour":"3:02 PM","room_type":"Double Superior","room_number":"075","status":"Check In"},{"guest":"Reinald Broodes","id":"0167018922","order_date":"2022-11-07T14:28","check_in":"2022-11-08","check_in_hour":"2:42 AM","check_out":"2023-01-12","check_out_hour":"7:44 PM","room_type":"Double Superior","room_number":"631","status":"Check Out"},{"guest":"Juanita Parzizek","id":"1958461024","order_date":"2022-10-16T00:56","check_in":"2023-04-13","check_in_hour":"6:59 AM","check_out":"2022-10-28","check_out_hour":"2:52 PM","room_type":"Single Bed","room_number":"019","status":"Check In"},{"guest":"Farrel Joslyn","id":"6668202217","order_date":"2022-10-14T09:53","check_in":"2022-12-26","check_in_hour":"11:56 PM","check_out":"2023-02-06","check_out_hour":"4:27 PM","room_type":"Suite","room_number":"795","status":"In Progress"},{"guest":"Torey Baskerville","id":"9721092452","order_date":"2023-03-25T15:30","check_in":"2023-02-11","check_in_hour":"6:54 PM","check_out":"2022-07-21","check_out_hour":"6:07 PM","room_type":"Suite","room_number":"130","status":"Check In"},{"guest":"Brena Bakhrushkin","id":"8883422368","order_date":"2022-07-12T14:09","check_in":"2022-07-11","check_in_hour":"1:36 PM","check_out":"2022-10-02","check_out_hour":"11:19 AM","room_type":"Double Superior","room_number":"551","status":"Check In"},{"guest":"Catarina Verrick","id":"4911466626","order_date":"2023-03-22T11:33","check_in":"2023-03-26","check_in_hour":"12:52 PM","check_out":"2023-01-12","check_out_hour":"8:42 AM","room_type":"Suite","room_number":"156","status":"Check Out"},{"guest":"Goddard Anderer","id":"5450297718","order_date":"2022-08-11T19:51","check_in":"2022-06-26","check_in_hour":"8:30 AM","check_out":"2022-10-08","check_out_hour":"9:32 PM","room_type":"Single Bed","room_number":"790","status":"Check Out"},{"guest":"Briana Ollerenshaw","id":"0204640741","order_date":"2022-08-10T23:05","check_in":"2022-11-12","check_in_hour":"8:48 PM","check_out":"2022-08-18","check_out_hour":"9:28 PM","room_type":"Double Superior","room_number":"106","status":"Check In"},{"guest":"Sax Jills","id":"7145729644","order_date":"2022-07-25T22:10","check_in":"2022-09-23","check_in_hour":"1:43 AM","check_out":"2022-10-16","check_out_hour":"3:31 PM","room_type":"Single Bed","room_number":"720","status":"In Progress"},{"guest":"Leia Hubeaux","id":"6964749098","order_date":"2023-04-27T12:35","check_in":"2022-11-10","check_in_hour":"8:08 PM","check_out":"2023-04-24","check_out_hour":"3:52 PM","room_type":"Double Superior","room_number":"374","status":"In Progress"},{"guest":"Durant Lisimore","id":"2637594799","order_date":"2022-07-19T12:59","check_in":"2022-08-03","check_in_hour":"10:50 AM","check_out":"2023-04-22","check_out_hour":"4:03 AM","room_type":"Double Bed","room_number":"564","status":"In Progress"},{"guest":"Amalle Szubert","id":"6089367591","order_date":"2023-02-16T19:52","check_in":"2023-05-06","check_in_hour":"5:59 AM","check_out":"2022-06-28","check_out_hour":"2:09 AM","room_type":"Single Bed","room_number":"198","status":"In Progress"},{"guest":"Karil Praill","id":"1785169076","order_date":"2022-12-10T20:25","check_in":"2022-06-21","check_in_hour":"2:04 PM","check_out":"2022-12-20","check_out_hour":"7:56 PM","room_type":"Double Superior","room_number":"358","status":"Check In"},{"guest":"Melisa Bruinsma","id":"3653079535","order_date":"2023-01-11T01:34","check_in":"2022-12-08","check_in_hour":"9:07 AM","check_out":"2022-10-23","check_out_hour":"11:13 AM","room_type":"Suite","room_number":"479","status":"Check In"},{"guest":"Delphinia California","id":"6914046794","order_date":"2023-04-15T15:56","check_in":"2023-05-29","check_in_hour":"1:38 AM","check_out":"2022-07-18","check_out_hour":"8:40 AM","room_type":"Double Bed","room_number":"566","status":"Check Out"},{"guest":"Serena Bright","id":"3514572356","order_date":"2022-05-30T04:24","check_in":"2023-05-01","check_in_hour":"3:37 PM","check_out":"2022-07-02","check_out_hour":"5:14 AM","room_type":"Single Bed","room_number":"462","status":"Check In"},{"guest":"Nickie Mullane","id":"9785042316","order_date":"2023-03-15T21:36","check_in":"2023-01-08","check_in_hour":"4:34 PM","check_out":"2022-07-18","check_out_hour":"12:41 PM","room_type":"Double Bed","room_number":"771","status":"Check Out"},{"guest":"Tiphani Croughan","id":"7482125523","order_date":"2022-07-24T22:35","check_in":"2022-12-11","check_in_hour":"10:18 PM","check_out":"2022-06-29","check_out_hour":"9:07 AM","room_type":"Suite","room_number":"717","status":"Check Out"},{"guest":"Cassey Egentan","id":"7643672377","order_date":"2022-12-05T07:55","check_in":"2023-04-05","check_in_hour":"1:15 PM","check_out":"2022-10-04","check_out_hour":"8:01 PM","room_type":"Double Superior","room_number":"247","status":"Check In"},{"guest":"Eddy Brayson","id":"2312468395","order_date":"2023-02-11T05:10","check_in":"2022-12-15","check_in_hour":"9:05 PM","check_out":"2023-05-23","check_out_hour":"12:39 PM","room_type":"Double Superior","room_number":"227","status":"Check Out"},{"guest":"Teodora Breward","id":"8871665171","order_date":"2023-01-28T18:40","check_in":"2022-06-17","check_in_hour":"8:55 PM","check_out":"2023-05-25","check_out_hour":"7:43 AM","room_type":"Suite","room_number":"732","status":"Check Out"},{"guest":"Julienne Geockle","id":"9601310568","order_date":"2022-10-22T13:26","check_in":"2022-10-15","check_in_hour":"4:18 PM","check_out":"2022-10-10","check_out_hour":"8:57 PM","room_type":"Double Bed","room_number":"501","status":"In Progress"},{"guest":"Hazel Linge","id":"0723515042","order_date":"2023-03-20T21:22","check_in":"2023-02-06","check_in_hour":"3:02 PM","check_out":"2023-05-04","check_out_hour":"9:06 PM","room_type":"Suite","room_number":"942","status":"In Progress"},{"guest":"Alvina Fritzer","id":"8426431089","order_date":"2023-04-05T12:29","check_in":"2022-06-27","check_in_hour":"3:25 PM","check_out":"2022-06-25","check_out_hour":"1:42 PM","room_type":"Double Superior","room_number":"767","status":"Check In"},{"guest":"Kendell Shelf","id":"6908074552","order_date":"2023-03-01T16:06","check_in":"2023-03-13","check_in_hour":"7:36 AM","check_out":"2023-03-13","check_out_hour":"5:59 AM","room_type":"Double Superior","room_number":"786","status":"In Progress"},{"guest":"Perrine Cutill","id":"2499354089","order_date":"2022-12-02T08:37","check_in":"2023-01-25","check_in_hour":"2:55 AM","check_out":"2022-12-16","check_out_hour":"9:40 PM","room_type":"Single Bed","room_number":"502","status":"Check Out"},{"guest":"Bobby Grogona","id":"3889463614","order_date":"2023-02-14T05:29","check_in":"2023-03-30","check_in_hour":"10:23 PM","check_out":"2023-02-04","check_out_hour":"1:31 AM","room_type":"Double Superior","room_number":"476","status":"Check In"},{"guest":"Abagail Oller","id":"8767150322","order_date":"2022-07-04T16:50","check_in":"2023-01-22","check_in_hour":"3:02 AM","check_out":"2023-03-23","check_out_hour":"7:31 PM","room_type":"Single Bed","room_number":"978","status":"Check In"},{"guest":"Myra Torricina","id":"3639822986","order_date":"2023-01-09T06:33","check_in":"2022-09-26","check_in_hour":"12:56 AM","check_out":"2022-10-26","check_out_hour":"1:16 AM","room_type":"Double Bed","room_number":"875","status":"In Progress"},{"guest":"Ignaz Riccardi","id":"9320481180","order_date":"2022-12-28T19:27","check_in":"2022-07-10","check_in_hour":"4:40 AM","check_out":"2023-01-03","check_out_hour":"1:19 AM","room_type":"Suite","room_number":"961","status":"In Progress"},{"guest":"Marita Assante","id":"0705485854","order_date":"2022-08-26T12:44","check_in":"2022-08-18","check_in_hour":"7:32 AM","check_out":"2023-01-09","check_out_hour":"3:23 PM","room_type":"Double Superior","room_number":"535","status":"Check Out"},{"guest":"Latashia Glisenan","id":"9601826785","order_date":"2022-12-08T08:03","check_in":"2022-07-24","check_in_hour":"6:37 AM","check_out":"2023-05-27","check_out_hour":"8:14 PM","room_type":"Suite","room_number":"654","status":"Check In"},{"guest":"Korrie Rickaert","id":"1336265655","order_date":"2023-05-10T11:02","check_in":"2023-05-02","check_in_hour":"11:05 AM","check_out":"2022-11-23","check_out_hour":"4:28 AM","room_type":"Single Bed","room_number":"549","status":"Check In"},{"guest":"Paloma Pawelke","id":"0815199988","order_date":"2022-10-18T12:35","check_in":"2023-05-14","check_in_hour":"5:04 PM","check_out":"2023-05-03","check_out_hour":"8:11 AM","room_type":"Suite","room_number":"270","status":"In Progress"},{"guest":"Dud Soeiro","id":"1423882717","order_date":"2022-10-14T03:14","check_in":"2023-02-05","check_in_hour":"7:34 PM","check_out":"2022-09-04","check_out_hour":"11:42 PM","room_type":"Single Bed","room_number":"005","status":"Check In"},{"guest":"Terrill Kirsche","id":"4018985002","order_date":"2022-06-29T20:09","check_in":"2022-09-28","check_in_hour":"9:09 AM","check_out":"2022-12-03","check_out_hour":"10:54 PM","room_type":"Double Bed","room_number":"388","status":"In Progress"},{"guest":"Sibel Donan","id":"9157396612","order_date":"2022-11-07T07:34","check_in":"2022-07-01","check_in_hour":"6:45 PM","check_out":"2023-05-11","check_out_hour":"8:02 PM","room_type":"Suite","room_number":"606","status":"Check Out"},{"guest":"Burch Aggas","id":"0375812326","order_date":"2022-08-02T06:19","check_in":"2022-07-19","check_in_hour":"10:06 AM","check_out":"2022-08-31","check_out_hour":"2:29 PM","room_type":"Double Bed","room_number":"487","status":"Check In"},{"guest":"Rosa Godby","id":"5967399658","order_date":"2022-12-30T20:38","check_in":"2022-12-20","check_in_hour":"8:15 PM","check_out":"2023-05-06","check_out_hour":"1:16 AM","room_type":"Single Bed","room_number":"853","status":"Check Out"},{"guest":"Floyd Louw","id":"6965054042","order_date":"2022-10-25T05:29","check_in":"2023-02-14","check_in_hour":"8:47 AM","check_out":"2023-04-18","check_out_hour":"4:59 AM","room_type":"Suite","room_number":"239","status":"Check In"},{"guest":"Flynn Puleston","id":"7629279337","order_date":"2023-01-15T14:03","check_in":"2022-11-26","check_in_hour":"9:03 PM","check_out":"2023-04-06","check_out_hour":"1:07 PM","room_type":"Suite","room_number":"927","status":"Check Out"},{"guest":"Hatti Jeffree","id":"3870763744","order_date":"2022-07-30T01:41","check_in":"2022-08-08","check_in_hour":"8:38 PM","check_out":"2023-03-08","check_out_hour":"6:15 PM","room_type":"Double Bed","room_number":"382","status":"In Progress"},{"guest":"Melesa Gerling","id":"4849279546","order_date":"2023-04-27T19:22","check_in":"2022-06-20","check_in_hour":"2:28 AM","check_out":"2023-05-17","check_out_hour":"2:57 PM","room_type":"Double Bed","room_number":"652","status":"In Progress"},{"guest":"Ginger Budgey","id":"9741211929","order_date":"2022-08-05T10:45","check_in":"2022-12-25","check_in_hour":"8:17 PM","check_out":"2022-10-21","check_out_hour":"12:23 PM","room_type":"Suite","room_number":"065","status":"In Progress"},{"guest":"Corene Burnyate","id":"8323369372","order_date":"2022-08-30T16:55","check_in":"2022-11-09","check_in_hour":"1:44 PM","check_out":"2022-06-08","check_out_hour":"4:14 PM","room_type":"Suite","room_number":"370","status":"In Progress"},{"guest":"Zorana Heers","id":"9518621233","order_date":"2022-12-02T21:12","check_in":"2022-09-08","check_in_hour":"11:04 AM","check_out":"2023-04-24","check_out_hour":"5:48 PM","room_type":"Double Bed","room_number":"760","status":"Check In"},{"guest":"Bernhard Stanger","id":"5241065342","order_date":"2023-02-05T17:53","check_in":"2022-06-01","check_in_hour":"4:32 PM","check_out":"2023-05-05","check_out_hour":"10:50 AM","room_type":"Single Bed","room_number":"996","status":"In Progress"},{"guest":"Irina Kilbey","id":"8471673320","order_date":"2022-09-26T15:54","check_in":"2023-01-25","check_in_hour":"6:20 PM","check_out":"2023-01-12","check_out_hour":"4:43 AM","room_type":"Double Bed","room_number":"106","status":"In Progress"},{"guest":"Lynea Cuddon","id":"7880307230","order_date":"2023-01-31T23:58","check_in":"2022-12-05","check_in_hour":"2:19 PM","check_out":"2023-02-23","check_out_hour":"6:54 AM","room_type":"Suite","room_number":"794","status":"Check Out"},{"guest":"Annmarie Phelipeau","id":"0852410670","order_date":"2022-06-12T23:29","check_in":"2022-10-29","check_in_hour":"2:54 AM","check_out":"2022-10-17","check_out_hour":"4:00 PM","room_type":"Single Bed","room_number":"207","status":"Check Out"},{"guest":"Rebeca Ancell","id":"9416919640","order_date":"2022-06-12T11:59","check_in":"2022-09-10","check_in_hour":"7:54 PM","check_out":"2022-10-17","check_out_hour":"4:52 AM","room_type":"Double Bed","room_number":"464","status":"In Progress"},{"guest":"Garald Myrick","id":"9645937892","order_date":"2023-01-20T22:32","check_in":"2023-03-19","check_in_hour":"8:39 AM","check_out":"2023-02-16","check_out_hour":"2:37 PM","room_type":"Double Superior","room_number":"491","status":"Check In"},{"guest":"Bran Gennrich","id":"2481923979","order_date":"2022-08-20T19:42","check_in":"2022-12-27","check_in_hour":"7:49 PM","check_out":"2022-10-19","check_out_hour":"4:15 AM","room_type":"Double Superior","room_number":"306","status":"Check Out"},{"guest":"Shaylynn Ordemann","id":"5741612946","order_date":"2023-04-06T23:41","check_in":"2022-09-11","check_in_hour":"6:57 PM","check_out":"2022-10-27","check_out_hour":"3:48 PM","room_type":"Single Bed","room_number":"919","status":"In Progress"},{"guest":"Cornie Tithacott","id":"0655114785","order_date":"2022-07-10T17:04","check_in":"2023-03-27","check_in_hour":"2:09 AM","check_out":"2023-04-07","check_out_hour":"12:27 AM","room_type":"Double Superior","room_number":"620","status":"Check Out"},{"guest":"Trixy McCloy","id":"3902710608","order_date":"2023-05-06T17:06","check_in":"2022-08-11","check_in_hour":"7:01 AM","check_out":"2023-03-22","check_out_hour":"8:14 PM","room_type":"Suite","room_number":"455","status":"In Progress"},{"guest":"Simonette Graysmark","id":"1700700820","order_date":"2023-03-20T11:59","check_in":"2023-03-12","check_in_hour":"6:33 AM","check_out":"2022-10-23","check_out_hour":"2:07 PM","room_type":"Double Superior","room_number":"427","status":"In Progress"},{"guest":"Rufe Willson","id":"1807330192","order_date":"2023-02-24T11:29","check_in":"2022-06-10","check_in_hour":"10:21 PM","check_out":"2022-12-27","check_out_hour":"11:29 PM","room_type":"Suite","room_number":"274","status":"Check In"},{"guest":"Merna Hasel","id":"6635573682","order_date":"2023-03-26T17:19","check_in":"2023-03-10","check_in_hour":"10:26 PM","check_out":"2022-08-06","check_out_hour":"1:43 AM","room_type":"Single Bed","room_number":"391","status":"Check Out"},{"guest":"Gale Duckitt","id":"4807271687","order_date":"2022-12-25T14:16","check_in":"2022-09-14","check_in_hour":"6:14 AM","check_out":"2023-05-14","check_out_hour":"2:56 AM","room_type":"Double Bed","room_number":"869","status":"In Progress"},{"guest":"Lilian Ceresa","id":"1359600019","order_date":"2022-11-13T23:39","check_in":"2023-02-19","check_in_hour":"10:14 PM","check_out":"2022-08-02","check_out_hour":"9:16 PM","room_type":"Single Bed","room_number":"314","status":"Check Out"},{"guest":"Neysa Hacker","id":"5765639208","order_date":"2022-10-27T18:14","check_in":"2022-11-29","check_in_hour":"4:09 PM","check_out":"2023-05-24","check_out_hour":"12:48 PM","room_type":"Double Bed","room_number":"298","status":"Check Out"},{"guest":"Melosa Munro","id":"4624751965","order_date":"2023-03-22T00:15","check_in":"2022-10-28","check_in_hour":"1:51 PM","check_out":"2022-09-21","check_out_hour":"10:09 AM","room_type":"Double Superior","room_number":"573","status":"Check Out"},{"guest":"Remus Branigan","id":"8211391635","order_date":"2022-10-25T14:53","check_in":"2023-03-24","check_in_hour":"12:03 PM","check_out":"2022-10-22","check_out_hour":"3:49 AM","room_type":"Suite","room_number":"937","status":"Check Out"},{"guest":"Moise Acland","id":"9557832371","order_date":"2022-12-11T16:07","check_in":"2023-04-16","check_in_hour":"10:35 PM","check_out":"2022-12-28","check_out_hour":"5:37 AM","room_type":"Double Superior","room_number":"928","status":"In Progress"},{"guest":"Sydelle Middleton","id":"8436559177","order_date":"2023-05-27T08:38","check_in":"2023-05-28","check_in_hour":"3:12 PM","check_out":"2022-08-12","check_out_hour":"12:01 AM","room_type":"Single Bed","room_number":"760","status":"Check Out"},{"guest":"Dilly Wones","id":"2107893039","order_date":"2022-12-30T03:46","check_in":"2023-02-23","check_in_hour":"9:49 AM","check_out":"2023-04-01","check_out_hour":"12:00 AM","room_type":"Single Bed","room_number":"606","status":"Check In"},{"guest":"Flo Mundle","id":"6606378818","order_date":"2023-02-23T23:56","check_in":"2023-02-15","check_in_hour":"8:43 AM","check_out":"2023-04-24","check_out_hour":"10:13 AM","room_type":"Single Bed","room_number":"635","status":"In Progress"},{"guest":"Raimund Elward","id":"4324917116","order_date":"2023-03-26T09:01","check_in":"2022-08-03","check_in_hour":"3:09 PM","check_out":"2023-01-18","check_out_hour":"5:16 AM","room_type":"Single Bed","room_number":"544","status":"Check Out"},{"guest":"Glenda Larter","id":"3947389264","order_date":"2022-09-13T15:56","check_in":"2023-03-22","check_in_hour":"10:29 PM","check_out":"2023-04-04","check_out_hour":"1:01 PM","room_type":"Double Superior","room_number":"767","status":"Check In"},{"guest":"Deedee Eymor","id":"2340453879","order_date":"2022-07-14T11:44","check_in":"2022-10-04","check_in_hour":"1:16 PM","check_out":"2023-05-13","check_out_hour":"6:57 PM","room_type":"Single Bed","room_number":"800","status":"In Progress"},{"guest":"Susie Sturrock","id":"5059185915","order_date":"2022-09-24T12:15","check_in":"2022-07-19","check_in_hour":"7:43 PM","check_out":"2022-06-04","check_out_hour":"8:47 PM","room_type":"Double Bed","room_number":"874","status":"In Progress"},{"guest":"Edee Bohills","id":"9095869326","order_date":"2023-03-17T11:13","check_in":"2023-04-09","check_in_hour":"2:14 AM","check_out":"2022-09-23","check_out_hour":"2:15 PM","room_type":"Suite","room_number":"333","status":"Check In"},{"guest":"Rolando Kohtler","id":"0672968975","order_date":"2022-07-29T11:11","check_in":"2022-11-26","check_in_hour":"10:45 PM","check_out":"2023-02-06","check_out_hour":"2:24 AM","room_type":"Single Bed","room_number":"580","status":"Check In"},{"guest":"Sabrina Deport","id":"5746050695","order_date":"2022-09-29T06:35","check_in":"2022-08-19","check_in_hour":"12:17 PM","check_out":"2023-03-19","check_out_hour":"1:28 PM","room_type":"Double Bed","room_number":"520","status":"Check In"},{"guest":"Ariana Sacher","id":"0839520441","order_date":"2022-12-04T09:36","check_in":"2023-02-07","check_in_hour":"8:17 AM","check_out":"2023-03-10","check_out_hour":"5:27 AM","room_type":"Double Superior","room_number":"456","status":"Check In"},{"guest":"Joletta Shrubsall","id":"9114821036","order_date":"2022-06-22T12:29","check_in":"2023-02-27","check_in_hour":"11:46 AM","check_out":"2022-07-25","check_out_hour":"2:51 PM","room_type":"Double Bed","room_number":"765","status":"Check In"},{"guest":"Stefa Ivanaev","id":"3678312179","order_date":"2023-05-04T06:16","check_in":"2022-12-02","check_in_hour":"12:43 PM","check_out":"2023-02-22","check_out_hour":"6:10 AM","room_type":"Suite","room_number":"257","status":"Check Out"},{"guest":"Pegeen Le Brum","id":"6003695064","order_date":"2022-08-18T07:24","check_in":"2023-01-13","check_in_hour":"6:01 AM","check_out":"2023-02-23","check_out_hour":"5:53 PM","room_type":"Double Bed","room_number":"002","status":"In Progress"},{"guest":"Roz Bertl","id":"0808734237","order_date":"2022-10-02T00:01","check_in":"2022-06-16","check_in_hour":"2:15 PM","check_out":"2023-05-11","check_out_hour":"9:05 PM","room_type":"Double Superior","room_number":"807","status":"Check In"},{"guest":" Maria Pepe","id":"3788194995","order_date":"2023-02-10T08:04","check_in":"2022-08-09","check_in_hour":"10:36 AM","check_out":"2022-09-01","check_out_hour":"1:59 AM","room_type":"Double Bed","room_number":"200","status":"Check Out"},{"contact":"93184384","description":"prueba test","email":"esafdas@gmail.com","name":"CasandraBen","startDate":"2023-10-05","status":"active","id":3000},{"guest":" Casandra","id":"3788194995","order_date":"2023-02-10T08:04","check_in":"2022-08-09","check_in_hour":"10:36 AM","check_out":"2022-09-01","check_out_hour":"1:59 AM","room_type":"Double Bed","room_number":"200","status":"Check Out"},{"guest":" Casandra","id":"3788194995","order_date":"2023-02-10T08:04","check_in":"2022-08-09","check_in_hour":"10:36 AM","check_out":"2022-09-01","check_out_hour":"1:59 AM","room_type":"Double Bed","room_number":"200","status":"Check Out"},{"guest":" Casandra","id":"3788194995","order_date":"2023-02-10T08:04","check_in":"2022-08-09","check_in_hour":"10:36 AM","check_out":"2022-09-01","check_out_hour":"1:59 AM","room_type":"Double Bed","room_number":"200","status":"Check Out"},{"guest":" Casandra","id":"3788194995","order_date":"2023-02-10T08:04","check_in":"2022-08-09","check_in_hour":"10:36 AM","check_out":"2022-09-01","check_out_hour":"1:59 AM","room_type":"Double Bed","room_number":"200","status":"Check Out"},{"guest":" Casandra","id":"3788194995","order_date":"2023-02-10T08:04","check_in":"2022-08-09","check_in_hour":"10:36 AM","check_out":"2022-09-01","check_out_hour":"1:59 AM","room_type":"Double Bed","room_number":"200","status":"Check Out"},{},{},{},{}]