[
  {
    "order_id": "7187063555",
    "date": "2022-12-31",
    "customer": "Merry Petry",
    "comment": "Cras non velit nec nisi vulputate nonummy. Maecenas tincidunt lacus at velit. Vivamus vel nulla eget eros elementum pellentesque."
  },
  {
    "order_id": "6867608329",
    "date": "2023-01-29",
    "customer": "Hinze Cuel",
    "comment": "In congue. Etiam justo. Etiam pretium iaculis justo.\n\nIn hac habitasse platea dictumst. Etiam faucibus cursus urna. Ut tellus."
  },
  {
    "order_id": "6114139429",
    "date": "2022-10-28",
    "customer": "Vance Maruska",
    "comment": "Aliquam quis turpis eget elit sodales scelerisque. Mauris sit amet eros. Suspendisse accumsan tortor quis turpis."
  },
  {
    "order_id": "4383713807",
    "date": "2022-10-21",
    "customer": "Rock Pelcheur",
    "comment": "Morbi porttitor lorem id ligula. Suspendisse ornare consequat lectus. In est risus, auctor sed, tristique in, tempus sit amet, sem.\n\nFusce consequat. Nulla nisl. Nunc nisl.\n\nDuis bibendum, felis sed interdum venenatis, turpis enim blandit mi, in porttitor pede justo eu massa. Donec dapibus. Duis at velit eu est congue elementum."
  },
  {
    "order_id": "4147208282",
    "date": "2022-08-18",
    "customer": "Lolly Notti",
    "comment": "Curabitur gravida nisi at nibh. In hac habitasse platea dictumst. Aliquam augue quam, sollicitudin vitae, consectetuer eget, rutrum at, lorem."
  },
  {
    "order_id": "0133271471",
    "date": "2023-03-11",
    "customer": "Margaux Claybourne",
    "comment": "Curabitur in libero ut massa volutpat convallis. Morbi odio odio, elementum eu, interdum eu, tincidunt in, leo. Maecenas pulvinar lobortis est."
  },
  {
    "order_id": "5584661848",
    "date": "2022-06-07",
    "customer": "Leesa Trow",
    "comment": "In hac habitasse platea dictumst. Morbi vestibulum, velit id pretium iaculis, diam erat fermentum justo, nec condimentum neque sapien placerat ante. Nulla justo.\n\nAliquam quis turpis eget elit sodales scelerisque. Mauris sit amet eros. Suspendisse accumsan tortor quis turpis."
  },
  {
    "order_id": "4502153257",
    "date": "2022-11-19",
    "customer": "Townie Flintoff",
    "comment": "Vestibulum quam sapien, varius ut, blandit non, interdum in, ante. Vestibulum ante ipsum primis in faucibus orci luctus et ultrices posuere cubilia Curae; Duis faucibus accumsan odio. Curabitur convallis."
  },
  {
    "order_id": "3113135923",
    "date": "2023-05-15",
    "customer": "Riordan McVrone",
    "comment": "Curabitur gravida nisi at nibh. In hac habitasse platea dictumst. Aliquam augue quam, sollicitudin vitae, consectetuer eget, rutrum at, lorem."
  },
  {
    "order_id": "4623843319",
    "date": "2022-09-02",
    "customer": "Carleton Girardin",
    "comment": "In quis justo. Maecenas rhoncus aliquam lacus. Morbi quis tortor id nulla ultrices aliquet.\n\nMaecenas leo odio, condimentum id, luctus nec, molestie sed, justo. Pellentesque viverra pede ac diam. Cras pellentesque volutpat dui.\n\nMaecenas tristique, est et tempus semper, est quam pharetra magna, ac consequat metus sapien ut nunc. Vestibulum ante ipsum primis in faucibus orci luctus et ultrices posuere cubilia Curae; Mauris viverra diam vitae quam. Suspendisse potenti."
  },
  {
    "order_id": "9026889410",
    "date": "2022-11-30",
    "customer": "Lorrie Askam",
    "comment": "Donec diam neque, vestibulum eget, vulputate ut, ultrices vel, augue. Vestibulum ante ipsum primis in faucibus orci luctus et ultrices posuere cubilia Curae; Donec pharetra, magna vestibulum aliquet ultrices, erat tortor sollicitudin mi, sit amet lobortis sapien sapien non mi. Integer ac neque.\n\nDuis bibendum. Morbi non quam nec dui luctus rutrum. Nulla tellus."
  },
  {
    "order_id": "1659376467",
    "date": "2023-03-07",
    "customer": "Tim Esler",
    "comment": "Pellentesque at nulla. Suspendisse potenti. Cras in purus eu magna vulputate luctus."
  },
  {
    "order_id": "6072286631",
    "date": "2023-05-24",
    "customer": "Theda Clare",
    "comment": "Fusce consequat. Nulla nisl. Nunc nisl."
  },
  {
    "order_id": "4271923451",
    "date": "2022-10-05",
    "customer": "Gil Crouse",
    "comment": "Nulla ut erat id mauris vulputate elementum. Nullam varius. Nulla facilisi.\n\nCras non velit nec nisi vulputate nonummy. Maecenas tincidunt lacus at velit. Vivamus vel nulla eget eros elementum pellentesque."
  },
  {
    "order_id": "1416719199",
    "date": "2022-09-12",
    "customer": "Josy Kassidy",
    "comment": "Nulla ut erat id mauris vulputate elementum. Nullam varius. Nulla facilisi."
  },
  {
    "order_id": "0792801717",
    "date": "2023-02-05",
    "customer": "Blondy Gartshore",
    "comment": "Sed sagittis. Nam congue, risus semper porta volutpat, quam pede lobortis ligula, sit amet eleifend pede libero quis orci. Nullam molestie nibh in lectus.\n\nPellentesque at nulla. Suspendisse potenti. Cras in purus eu magna vulputate luctus.\n\nCum sociis natoque penatibus et magnis dis parturient montes, nascetur ridiculus mus. Vivamus vestibulum sagittis sapien. Cum sociis natoque penatibus et magnis dis parturient montes, nascetur ridiculus mus."
  },
  {
    "order_id": "6201768335",
    "date": "2023-02-01",
    "customer": "Nikoletta Hanner",
    "comment": "Integer ac leo. Pellentesque ultrices mattis odio. Donec vitae nisi.\n\nNam ultrices, libero non mattis pulvinar, nulla pede ullamcorper augue, a suscipit nulla elit ac nulla. Sed vel enim sit amet nunc viverra dapibus. Nulla suscipit ligula in lacus.\n\nCurabitur at ipsum ac tellus semper interdum. Mauris ullamcorper purus sit amet nulla. Quisque arcu libero, rutrum ac, lobortis vel, dapibus at, diam."
  },
  {
    "order_id": "3074857269",
    "date": "2022-08-01",
    "customer": "Binny Celiz",
    "comment": "In congue. Etiam justo. Etiam pretium iaculis justo."
  },
  {
    "order_id": "3816260470",
    "date": "2022-11-30",
    "customer": "Domeniga Wenman",
    "comment": "Suspendisse potenti. In eleifend quam a odio. In hac habitasse platea dictumst.\n\nMaecenas ut massa quis augue luctus tincidunt. Nulla mollis molestie lorem. Quisque ut erat."
  },
  {
    "order_id": "0441749038",
    "date": "2022-12-17",
    "customer": "Udall Tidbold",
    "comment": "Fusce consequat. Nulla nisl. Nunc nisl.\n\nDuis bibendum, felis sed interdum venenatis, turpis enim blandit mi, in porttitor pede justo eu massa. Donec dapibus. Duis at velit eu est congue elementum."
  },
  {
    "order_id": "2867426065",
    "date": "2023-01-26",
    "customer": "Lynnelle Isabell",
    "comment": "Nulla ut erat id mauris vulputate elementum. Nullam varius. Nulla facilisi."
  },
  {
    "order_id": "2581287780",
    "date": "2022-08-17",
    "customer": "Gustie Rubinowitsch",
    "comment": "Nullam sit amet turpis elementum ligula vehicula consequat. Morbi a ipsum. Integer a nibh."
  },
  {
    "order_id": "8810853342",
    "date": "2022-11-26",
    "customer": "Lief Malinowski",
    "comment": "Suspendisse potenti. In eleifend quam a odio. In hac habitasse platea dictumst.\n\nMaecenas ut massa quis augue luctus tincidunt. Nulla mollis molestie lorem. Quisque ut erat.\n\nCurabitur gravida nisi at nibh. In hac habitasse platea dictumst. Aliquam augue quam, sollicitudin vitae, consectetuer eget, rutrum at, lorem."
  },
  {
    "order_id": "4428276486",
    "date": "2022-08-09",
    "customer": "Angy Fickling",
    "comment": "Proin leo odio, porttitor id, consequat in, consequat ut, nulla. Sed accumsan felis. Ut at dolor quis odio consequat varius."
  },
  {
    "order_id": "3518941577",
    "date": "2022-08-24",
    "customer": "Krystalle Nisen",
    "comment": "Donec diam neque, vestibulum eget, vulputate ut, ultrices vel, augue. Vestibulum ante ipsum primis in faucibus orci luctus et ultrices posuere cubilia Curae; Donec pharetra, magna vestibulum aliquet ultrices, erat tortor sollicitudin mi, sit amet lobortis sapien sapien non mi. Integer ac neque.\n\nDuis bibendum. Morbi non quam nec dui luctus rutrum. Nulla tellus.\n\nIn sagittis dui vel nisl. Duis ac nibh. Fusce lacus purus, aliquet at, feugiat non, pretium quis, lectus."
  },
  {
    "order_id": "1957700750",
    "date": "2023-03-07",
    "customer": "Erich Roadknight",
    "comment": "Fusce consequat. Nulla nisl. Nunc nisl.\n\nDuis bibendum, felis sed interdum venenatis, turpis enim blandit mi, in porttitor pede justo eu massa. Donec dapibus. Duis at velit eu est congue elementum.\n\nIn hac habitasse platea dictumst. Morbi vestibulum, velit id pretium iaculis, diam erat fermentum justo, nec condimentum neque sapien placerat ante. Nulla justo."
  },
  {
    "order_id": "5392444938",
    "date": "2022-08-12",
    "customer": "Bent Khomishin",
    "comment": "Fusce posuere felis sed lacus. Morbi sem mauris, laoreet ut, rhoncus aliquet, pulvinar sed, nisl. Nunc rhoncus dui vel sem.\n\nSed sagittis. Nam congue, risus semper porta volutpat, quam pede lobortis ligula, sit amet eleifend pede libero quis orci. Nullam molestie nibh in lectus.\n\nPellentesque at nulla. Suspendisse potenti. Cras in purus eu magna vulputate luctus."
  },
  {
    "order_id": "9093609068",
    "date": "2023-02-22",
    "customer": "Quint Roydon",
    "comment": "Proin eu mi. Nulla ac enim. In tempor, turpis nec euismod scelerisque, quam turpis adipiscing lorem, vitae mattis nibh ligula nec sem.\n\nDuis aliquam convallis nunc. Proin at turpis a pede posuere nonummy. Integer non velit.\n\nDonec diam neque, vestibulum eget, vulputate ut, ultrices vel, augue. Vestibulum ante ipsum primis in faucibus orci luctus et ultrices posuere cubilia Curae; Donec pharetra, magna vestibulum aliquet ultrices, erat tortor sollicitudin mi, sit amet lobortis sapien sapien non mi. Integer ac neque."
  },
  {
    "order_id": "8209005197",
    "date": "2022-12-24",
    "customer": "Hamlen Battersby",
    "comment": "Nullam porttitor lacus at turpis. Donec posuere metus vitae ipsum. Aliquam non mauris.\n\nMorbi non lectus. Aliquam sit amet diam in magna bibendum imperdiet. Nullam orci pede, venenatis non, sodales sed, tincidunt eu, felis.\n\nFusce posuere felis sed lacus. Morbi sem mauris, laoreet ut, rhoncus aliquet, pulvinar sed, nisl. Nunc rhoncus dui vel sem."
  },
  {
    "order_id": "2363422759",
    "date": "2023-04-13",
    "customer": "Lawrence Swanson",
    "comment": "Donec diam neque, vestibulum eget, vulputate ut, ultrices vel, augue. Vestibulum ante ipsum primis in faucibus orci luctus et ultrices posuere cubilia Curae; Donec pharetra, magna vestibulum aliquet ultrices, erat tortor sollicitudin mi, sit amet lobortis sapien sapien non mi. Integer ac neque.\n\nDuis bibendum. Morbi non quam nec dui luctus rutrum. Nulla tellus.\n\nIn sagittis dui vel nisl. Duis ac nibh. Fusce lacus purus, aliquet at, feugiat non, pretium quis, lectus."
  },
  {
    "order_id": "7447088013",
    "date": "2022-07-22",
    "customer": "Dorice O'Sculley",
    "comment": "Fusce posuere felis sed lacus. Morbi sem mauris, laoreet ut, rhoncus aliquet, pulvinar sed, nisl. Nunc rhoncus dui vel sem."
  },
  {
    "order_id": "8471394200",
    "date": "2022-10-07",
    "customer": "Iosep Standeven",
    "comment": "Suspendisse potenti. In eleifend quam a odio. In hac habitasse platea dictumst.\n\nMaecenas ut massa quis augue luctus tincidunt. Nulla mollis molestie lorem. Quisque ut erat."
  },
  {
    "order_id": "1474489109",
    "date": "2022-11-01",
    "customer": "Olivette Redmayne",
    "comment": "Pellentesque at nulla. Suspendisse potenti. Cras in purus eu magna vulputate luctus.\n\nCum sociis natoque penatibus et magnis dis parturient montes, nascetur ridiculus mus. Vivamus vestibulum sagittis sapien. Cum sociis natoque penatibus et magnis dis parturient montes, nascetur ridiculus mus.\n\nEtiam vel augue. Vestibulum rutrum rutrum neque. Aenean auctor gravida sem."
  },
  {
    "order_id": "9698433139",
    "date": "2022-11-12",
    "customer": "Waverly Ripping",
    "comment": "Fusce consequat. Nulla nisl. Nunc nisl.\n\nDuis bibendum, felis sed interdum venenatis, turpis enim blandit mi, in porttitor pede justo eu massa. Donec dapibus. Duis at velit eu est congue elementum."
  },
  {
    "order_id": "5122996466",
    "date": "2023-03-30",
    "customer": "Mame Calveley",
    "comment": "Fusce consequat. Nulla nisl. Nunc nisl.\n\nDuis bibendum, felis sed interdum venenatis, turpis enim blandit mi, in porttitor pede justo eu massa. Donec dapibus. Duis at velit eu est congue elementum."
  },
  {
    "order_id": "5038265928",
    "date": "2023-02-27",
    "customer": "Erny Nanetti",
    "comment": "Phasellus in felis. Donec semper sapien a libero. Nam dui."
  },
  {
    "order_id": "6192194769",
    "date": "2023-05-26",
    "customer": "Brooks Rowlings",
    "comment": "Aenean lectus. Pellentesque eget nunc. Donec quis orci eget orci vehicula condimentum.\n\nCurabitur in libero ut massa volutpat convallis. Morbi odio odio, elementum eu, interdum eu, tincidunt in, leo. Maecenas pulvinar lobortis est."
  },
  {
    "order_id": "7585775911",
    "date": "2023-04-28",
    "customer": "Darla Stainfield",
    "comment": "Aenean fermentum. Donec ut mauris eget massa tempor convallis. Nulla neque libero, convallis eget, eleifend luctus, ultricies eu, nibh.\n\nQuisque id justo sit amet sapien dignissim vestibulum. Vestibulum ante ipsum primis in faucibus orci luctus et ultrices posuere cubilia Curae; Nulla dapibus dolor vel est. Donec odio justo, sollicitudin ut, suscipit a, feugiat et, eros."
  },
  {
    "order_id": "5403994033",
    "date": "2022-10-27",
    "customer": "Alys Boggon",
    "comment": "Praesent blandit. Nam nulla. Integer pede justo, lacinia eget, tincidunt eget, tempus vel, pede.\n\nMorbi porttitor lorem id ligula. Suspendisse ornare consequat lectus. In est risus, auctor sed, tristique in, tempus sit amet, sem.\n\nFusce consequat. Nulla nisl. Nunc nisl."
  },
  {
    "order_id": "4434406663",
    "date": "2022-08-20",
    "customer": "Dorian Lucas",
    "comment": "Maecenas tristique, est et tempus semper, est quam pharetra magna, ac consequat metus sapien ut nunc. Vestibulum ante ipsum primis in faucibus orci luctus et ultrices posuere cubilia Curae; Mauris viverra diam vitae quam. Suspendisse potenti.\n\nNullam porttitor lacus at turpis. Donec posuere metus vitae ipsum. Aliquam non mauris.\n\nMorbi non lectus. Aliquam sit amet diam in magna bibendum imperdiet. Nullam orci pede, venenatis non, sodales sed, tincidunt eu, felis."
  },
  {
    "order_id": "4400700712",
    "date": "2022-07-30",
    "customer": "Blake McNeice",
    "comment": "Duis bibendum, felis sed interdum venenatis, turpis enim blandit mi, in porttitor pede justo eu massa. Donec dapibus. Duis at velit eu est congue elementum.\n\nIn hac habitasse platea dictumst. Morbi vestibulum, velit id pretium iaculis, diam erat fermentum justo, nec condimentum neque sapien placerat ante. Nulla justo."
  },
  {
    "order_id": "4442549974",
    "date": "2023-04-19",
    "customer": "Alyse Domegan",
    "comment": "Praesent id massa id nisl venenatis lacinia. Aenean sit amet justo. Morbi ut odio.\n\nCras mi pede, malesuada in, imperdiet et, commodo vulputate, justo. In blandit ultrices enim. Lorem ipsum dolor sit amet, consectetuer adipiscing elit.\n\nProin interdum mauris non ligula pellentesque ultrices. Phasellus id sapien in sapien iaculis congue. Vivamus metus arcu, adipiscing molestie, hendrerit at, vulputate vitae, nisl."
  },
  {
    "order_id": "6448766979",
    "date": "2022-08-07",
    "customer": "Toni Karppi",
    "comment": "Aliquam quis turpis eget elit sodales scelerisque. Mauris sit amet eros. Suspendisse accumsan tortor quis turpis.\n\nSed ante. Vivamus tortor. Duis mattis egestas metus."
  },
  {
    "order_id": "8000294583",
    "date": "2022-07-02",
    "customer": "Kelcy Yegorev",
    "comment": "Mauris enim leo, rhoncus sed, vestibulum sit amet, cursus id, turpis. Integer aliquet, massa id lobortis convallis, tortor risus dapibus augue, vel accumsan tellus nisi eu orci. Mauris lacinia sapien quis libero.\n\nNullam sit amet turpis elementum ligula vehicula consequat. Morbi a ipsum. Integer a nibh."
  },
  {
    "order_id": "4658755076",
    "date": "2022-11-08",
    "customer": "Vanni Fredy",
    "comment": "In hac habitasse platea dictumst. Morbi vestibulum, velit id pretium iaculis, diam erat fermentum justo, nec condimentum neque sapien placerat ante. Nulla justo.\n\nAliquam quis turpis eget elit sodales scelerisque. Mauris sit amet eros. Suspendisse accumsan tortor quis turpis."
  },
  {
    "order_id": "5810757448",
    "date": "2022-10-18",
    "customer": "Brynne McClune",
    "comment": "Duis aliquam convallis nunc. Proin at turpis a pede posuere nonummy. Integer non velit.\n\nDonec diam neque, vestibulum eget, vulputate ut, ultrices vel, augue. Vestibulum ante ipsum primis in faucibus orci luctus et ultrices posuere cubilia Curae; Donec pharetra, magna vestibulum aliquet ultrices, erat tortor sollicitudin mi, sit amet lobortis sapien sapien non mi. Integer ac neque.\n\nDuis bibendum. Morbi non quam nec dui luctus rutrum. Nulla tellus."
  },
  {
    "order_id": "4899000200",
    "date": "2022-06-16",
    "customer": "Laraine Busch",
    "comment": "Duis bibendum, felis sed interdum venenatis, turpis enim blandit mi, in porttitor pede justo eu massa. Donec dapibus. Duis at velit eu est congue elementum.\n\nIn hac habitasse platea dictumst. Morbi vestibulum, velit id pretium iaculis, diam erat fermentum justo, nec condimentum neque sapien placerat ante. Nulla justo.\n\nAliquam quis turpis eget elit sodales scelerisque. Mauris sit amet eros. Suspendisse accumsan tortor quis turpis."
  },
  {
    "order_id": "5048084497",
    "date": "2023-03-01",
    "customer": "Reena Gauch",
    "comment": "Integer ac leo. Pellentesque ultrices mattis odio. Donec vitae nisi."
  },
  {
    "order_id": "1512455148",
    "date": "2022-07-21",
    "customer": "Shandy Belf",
    "comment": "Fusce consequat. Nulla nisl. Nunc nisl.\n\nDuis bibendum, felis sed interdum venenatis, turpis enim blandit mi, in porttitor pede justo eu massa. Donec dapibus. Duis at velit eu est congue elementum.\n\nIn hac habitasse platea dictumst. Morbi vestibulum, velit id pretium iaculis, diam erat fermentum justo, nec condimentum neque sapien placerat ante. Nulla justo."
  },
  {
    "order_id": "1883203716",
    "date": "2022-10-09",
    "customer": "Everett Minghetti",
    "comment": "Mauris enim leo, rhoncus sed, vestibulum sit amet, cursus id, turpis. Integer aliquet, massa id lobortis convallis, tortor risus dapibus augue, vel accumsan tellus nisi eu orci. Mauris lacinia sapien quis libero.\n\nNullam sit amet turpis elementum ligula vehicula consequat. Morbi a ipsum. Integer a nibh."
  },
  {
    "order_id": "7764423459",
    "date": "2022-06-15",
    "customer": "Haydon Virgin",
    "comment": "In hac habitasse platea dictumst. Morbi vestibulum, velit id pretium iaculis, diam erat fermentum justo, nec condimentum neque sapien placerat ante. Nulla justo.\n\nAliquam quis turpis eget elit sodales scelerisque. Mauris sit amet eros. Suspendisse accumsan tortor quis turpis.\n\nSed ante. Vivamus tortor. Duis mattis egestas metus."
  },
  {
    "order_id": "6190873987",
    "date": "2022-06-18",
    "customer": "Klemens O'Scandall",
    "comment": "Suspendisse potenti. In eleifend quam a odio. In hac habitasse platea dictumst."
  },
  {
    "order_id": "7338210004",
    "date": "2023-03-06",
    "customer": "Falkner MacDaid",
    "comment": "Vestibulum ac est lacinia nisi venenatis tristique. Fusce congue, diam id ornare imperdiet, sapien urna pretium nisl, ut volutpat sapien arcu sed augue. Aliquam erat volutpat.\n\nIn congue. Etiam justo. Etiam pretium iaculis justo.\n\nIn hac habitasse platea dictumst. Etiam faucibus cursus urna. Ut tellus."
  },
  {
    "order_id": "6475639133",
    "date": "2023-05-13",
    "customer": "Susan Ivanyutin",
    "comment": "Integer tincidunt ante vel ipsum. Praesent blandit lacinia erat. Vestibulum sed magna at nunc commodo placerat.\n\nPraesent blandit. Nam nulla. Integer pede justo, lacinia eget, tincidunt eget, tempus vel, pede."
  },
  {
    "order_id": "9819729548",
    "date": "2022-10-16",
    "customer": "Eveleen Bembrick",
    "comment": "Cras non velit nec nisi vulputate nonummy. Maecenas tincidunt lacus at velit. Vivamus vel nulla eget eros elementum pellentesque.\n\nQuisque porta volutpat erat. Quisque erat eros, viverra eget, congue eget, semper rutrum, nulla. Nunc purus.\n\nPhasellus in felis. Donec semper sapien a libero. Nam dui."
  },
  {
    "order_id": "1708006583",
    "date": "2023-04-02",
    "customer": "Nettle Nunns",
    "comment": "In sagittis dui vel nisl. Duis ac nibh. Fusce lacus purus, aliquet at, feugiat non, pretium quis, lectus."
  },
  {
    "order_id": "6954805602",
    "date": "2023-01-29",
    "customer": "Erskine Scoyne",
    "comment": "Maecenas tristique, est et tempus semper, est quam pharetra magna, ac consequat metus sapien ut nunc. Vestibulum ante ipsum primis in faucibus orci luctus et ultrices posuere cubilia Curae; Mauris viverra diam vitae quam. Suspendisse potenti."
  },
  {
    "order_id": "0997881135",
    "date": "2022-12-16",
    "customer": "Suzanne Tort",
    "comment": "Integer tincidunt ante vel ipsum. Praesent blandit lacinia erat. Vestibulum sed magna at nunc commodo placerat.\n\nPraesent blandit. Nam nulla. Integer pede justo, lacinia eget, tincidunt eget, tempus vel, pede.\n\nMorbi porttitor lorem id ligula. Suspendisse ornare consequat lectus. In est risus, auctor sed, tristique in, tempus sit amet, sem."
  },
  {
    "order_id": "7748448507",
    "date": "2022-11-09",
    "customer": "Liliane Ashness",
    "comment": "Maecenas ut massa quis augue luctus tincidunt. Nulla mollis molestie lorem. Quisque ut erat."
  },
  {
    "order_id": "7333363988",
    "date": "2023-03-04",
    "customer": "Estelle Baxstar",
    "comment": "Lorem ipsum dolor sit amet, consectetuer adipiscing elit. Proin risus. Praesent lectus.\n\nVestibulum quam sapien, varius ut, blandit non, interdum in, ante. Vestibulum ante ipsum primis in faucibus orci luctus et ultrices posuere cubilia Curae; Duis faucibus accumsan odio. Curabitur convallis.\n\nDuis consequat dui nec nisi volutpat eleifend. Donec ut dolor. Morbi vel lectus in quam fringilla rhoncus."
  },
  {
    "order_id": "5336775401",
    "date": "2022-11-13",
    "customer": "Latisha Vautin",
    "comment": "Duis bibendum, felis sed interdum venenatis, turpis enim blandit mi, in porttitor pede justo eu massa. Donec dapibus. Duis at velit eu est congue elementum.\n\nIn hac habitasse platea dictumst. Morbi vestibulum, velit id pretium iaculis, diam erat fermentum justo, nec condimentum neque sapien placerat ante. Nulla justo.\n\nAliquam quis turpis eget elit sodales scelerisque. Mauris sit amet eros. Suspendisse accumsan tortor quis turpis."
  },
  {
    "order_id": "8014073851",
    "date": "2022-10-15",
    "customer": "Enoch Falshaw",
    "comment": "Sed sagittis. Nam congue, risus semper porta volutpat, quam pede lobortis ligula, sit amet eleifend pede libero quis orci. Nullam molestie nibh in lectus."
  },
  {
    "order_id": "2372392271",
    "date": "2022-09-06",
    "customer": "Michel Roly",
    "comment": "Curabitur gravida nisi at nibh. In hac habitasse platea dictumst. Aliquam augue quam, sollicitudin vitae, consectetuer eget, rutrum at, lorem."
  },
  {
    "order_id": "7380473670",
    "date": "2022-10-27",
    "customer": "Konstantin Stroulger",
    "comment": "Suspendisse potenti. In eleifend quam a odio. In hac habitasse platea dictumst."
  },
  {
    "order_id": "0763425044",
    "date": "2022-11-18",
    "customer": "Ashli Vlies",
    "comment": "Curabitur in libero ut massa volutpat convallis. Morbi odio odio, elementum eu, interdum eu, tincidunt in, leo. Maecenas pulvinar lobortis est.\n\nPhasellus sit amet erat. Nulla tempus. Vivamus in felis eu sapien cursus vestibulum."
  },
  {
    "order_id": "4453339550",
    "date": "2022-07-18",
    "customer": "Thayne Prescote",
    "comment": "Suspendisse potenti. In eleifend quam a odio. In hac habitasse platea dictumst."
  },
  {
    "order_id": "9421126750",
    "date": "2023-04-01",
    "customer": "Deena Samber",
    "comment": "In hac habitasse platea dictumst. Etiam faucibus cursus urna. Ut tellus."
  },
  {
    "order_id": "5650109044",
    "date": "2022-12-07",
    "customer": "Douglass Hulburd",
    "comment": "Aenean lectus. Pellentesque eget nunc. Donec quis orci eget orci vehicula condimentum."
  },
  {
    "order_id": "9591633556",
    "date": "2022-08-14",
    "customer": "Romola Carl",
    "comment": "Phasellus in felis. Donec semper sapien a libero. Nam dui.\n\nProin leo odio, porttitor id, consequat in, consequat ut, nulla. Sed accumsan felis. Ut at dolor quis odio consequat varius.\n\nInteger ac leo. Pellentesque ultrices mattis odio. Donec vitae nisi."
  },
  {
    "order_id": "9174492276",
    "date": "2022-09-15",
    "customer": "Tierney Attenburrow",
    "comment": "Fusce posuere felis sed lacus. Morbi sem mauris, laoreet ut, rhoncus aliquet, pulvinar sed, nisl. Nunc rhoncus dui vel sem.\n\nSed sagittis. Nam congue, risus semper porta volutpat, quam pede lobortis ligula, sit amet eleifend pede libero quis orci. Nullam molestie nibh in lectus.\n\nPellentesque at nulla. Suspendisse potenti. Cras in purus eu magna vulputate luctus."
  },
  {
    "order_id": "6239402826",
    "date": "2023-03-24",
    "customer": "Andie Crilley",
    "comment": "Praesent id massa id nisl venenatis lacinia. Aenean sit amet justo. Morbi ut odio.\n\nCras mi pede, malesuada in, imperdiet et, commodo vulputate, justo. In blandit ultrices enim. Lorem ipsum dolor sit amet, consectetuer adipiscing elit.\n\nProin interdum mauris non ligula pellentesque ultrices. Phasellus id sapien in sapien iaculis congue. Vivamus metus arcu, adipiscing molestie, hendrerit at, vulputate vitae, nisl."
  },
  {
    "order_id": "4370100208",
    "date": "2022-12-16",
    "customer": "Queenie Fido",
    "comment": "Curabitur gravida nisi at nibh. In hac habitasse platea dictumst. Aliquam augue quam, sollicitudin vitae, consectetuer eget, rutrum at, lorem.\n\nInteger tincidunt ante vel ipsum. Praesent blandit lacinia erat. Vestibulum sed magna at nunc commodo placerat."
  },
  {
    "order_id": "2832790356",
    "date": "2023-04-21",
    "customer": "Jeanie Ivanichev",
    "comment": "Cras mi pede, malesuada in, imperdiet et, commodo vulputate, justo. In blandit ultrices enim. Lorem ipsum dolor sit amet, consectetuer adipiscing elit.\n\nProin interdum mauris non ligula pellentesque ultrices. Phasellus id sapien in sapien iaculis congue. Vivamus metus arcu, adipiscing molestie, hendrerit at, vulputate vitae, nisl.\n\nAenean lectus. Pellentesque eget nunc. Donec quis orci eget orci vehicula condimentum."
  },
  {
    "order_id": "4774978590",
    "date": "2023-05-29",
    "customer": "Sascha Dewicke",
    "comment": "Suspendisse potenti. In eleifend quam a odio. In hac habitasse platea dictumst.\n\nMaecenas ut massa quis augue luctus tincidunt. Nulla mollis molestie lorem. Quisque ut erat."
  },
  {
    "order_id": "1427306656",
    "date": "2022-09-02",
    "customer": "Kass Kinahan",
    "comment": "Quisque porta volutpat erat. Quisque erat eros, viverra eget, congue eget, semper rutrum, nulla. Nunc purus.\n\nPhasellus in felis. Donec semper sapien a libero. Nam dui."
  },
  {
    "order_id": "6812036358",
    "date": "2022-06-25",
    "customer": "Lincoln Float",
    "comment": "Suspendisse potenti. In eleifend quam a odio. In hac habitasse platea dictumst."
  },
  {
    "order_id": "6503263503",
    "date": "2023-03-19",
    "customer": "Andriana Isaksson",
    "comment": "Vestibulum ac est lacinia nisi venenatis tristique. Fusce congue, diam id ornare imperdiet, sapien urna pretium nisl, ut volutpat sapien arcu sed augue. Aliquam erat volutpat.\n\nIn congue. Etiam justo. Etiam pretium iaculis justo.\n\nIn hac habitasse platea dictumst. Etiam faucibus cursus urna. Ut tellus."
  },
  {
    "order_id": "2942167904",
    "date": "2022-12-25",
    "customer": "Malinda Robley",
    "comment": "Maecenas tristique, est et tempus semper, est quam pharetra magna, ac consequat metus sapien ut nunc. Vestibulum ante ipsum primis in faucibus orci luctus et ultrices posuere cubilia Curae; Mauris viverra diam vitae quam. Suspendisse potenti.\n\nNullam porttitor lacus at turpis. Donec posuere metus vitae ipsum. Aliquam non mauris.\n\nMorbi non lectus. Aliquam sit amet diam in magna bibendum imperdiet. Nullam orci pede, venenatis non, sodales sed, tincidunt eu, felis."
  },
  {
    "order_id": "5007137588",
    "date": "2022-12-28",
    "customer": "Francisco Pochin",
    "comment": "Cras non velit nec nisi vulputate nonummy. Maecenas tincidunt lacus at velit. Vivamus vel nulla eget eros elementum pellentesque."
  },
  {
    "order_id": "3894648244",
    "date": "2023-03-17",
    "customer": "Ardelle Hazeldean",
    "comment": "Maecenas ut massa quis augue luctus tincidunt. Nulla mollis molestie lorem. Quisque ut erat.\n\nCurabitur gravida nisi at nibh. In hac habitasse platea dictumst. Aliquam augue quam, sollicitudin vitae, consectetuer eget, rutrum at, lorem.\n\nInteger tincidunt ante vel ipsum. Praesent blandit lacinia erat. Vestibulum sed magna at nunc commodo placerat."
  },
  {
    "order_id": "5266343435",
    "date": "2022-11-13",
    "customer": "Ashlie Tinline",
    "comment": "Vestibulum quam sapien, varius ut, blandit non, interdum in, ante. Vestibulum ante ipsum primis in faucibus orci luctus et ultrices posuere cubilia Curae; Duis faucibus accumsan odio. Curabitur convallis.\n\nDuis consequat dui nec nisi volutpat eleifend. Donec ut dolor. Morbi vel lectus in quam fringilla rhoncus."
  },
  {
    "order_id": "6205748886",
    "date": "2022-07-19",
    "customer": "Adan Hacker",
    "comment": "Mauris enim leo, rhoncus sed, vestibulum sit amet, cursus id, turpis. Integer aliquet, massa id lobortis convallis, tortor risus dapibus augue, vel accumsan tellus nisi eu orci. Mauris lacinia sapien quis libero.\n\nNullam sit amet turpis elementum ligula vehicula consequat. Morbi a ipsum. Integer a nibh."
  },
  {
    "order_id": "8877925353",
    "date": "2023-03-10",
    "customer": "Kiley Fawthorpe",
    "comment": "Integer ac leo. Pellentesque ultrices mattis odio. Donec vitae nisi.\n\nNam ultrices, libero non mattis pulvinar, nulla pede ullamcorper augue, a suscipit nulla elit ac nulla. Sed vel enim sit amet nunc viverra dapibus. Nulla suscipit ligula in lacus.\n\nCurabitur at ipsum ac tellus semper interdum. Mauris ullamcorper purus sit amet nulla. Quisque arcu libero, rutrum ac, lobortis vel, dapibus at, diam."
  },
  {
    "order_id": "7496335509",
    "date": "2023-05-12",
    "customer": "Raddie McGougan",
    "comment": "Maecenas ut massa quis augue luctus tincidunt. Nulla mollis molestie lorem. Quisque ut erat.\n\nCurabitur gravida nisi at nibh. In hac habitasse platea dictumst. Aliquam augue quam, sollicitudin vitae, consectetuer eget, rutrum at, lorem.\n\nInteger tincidunt ante vel ipsum. Praesent blandit lacinia erat. Vestibulum sed magna at nunc commodo placerat."
  },
  {
    "order_id": "2176334876",
    "date": "2022-12-05",
    "customer": "Codie Haseman",
    "comment": "Vestibulum ac est lacinia nisi venenatis tristique. Fusce congue, diam id ornare imperdiet, sapien urna pretium nisl, ut volutpat sapien arcu sed augue. Aliquam erat volutpat.\n\nIn congue. Etiam justo. Etiam pretium iaculis justo.\n\nIn hac habitasse platea dictumst. Etiam faucibus cursus urna. Ut tellus."
  },
  {
    "order_id": "4933826862",
    "date": "2022-06-22",
    "customer": "Aldo Knudsen",
    "comment": "In hac habitasse platea dictumst. Morbi vestibulum, velit id pretium iaculis, diam erat fermentum justo, nec condimentum neque sapien placerat ante. Nulla justo.\n\nAliquam quis turpis eget elit sodales scelerisque. Mauris sit amet eros. Suspendisse accumsan tortor quis turpis."
  },
  {
    "order_id": "6905652415",
    "date": "2022-06-10",
    "customer": "Remington Coogan",
    "comment": "Maecenas leo odio, condimentum id, luctus nec, molestie sed, justo. Pellentesque viverra pede ac diam. Cras pellentesque volutpat dui.\n\nMaecenas tristique, est et tempus semper, est quam pharetra magna, ac consequat metus sapien ut nunc. Vestibulum ante ipsum primis in faucibus orci luctus et ultrices posuere cubilia Curae; Mauris viverra diam vitae quam. Suspendisse potenti."
  },
  {
    "order_id": "9558445231",
    "date": "2023-01-27",
    "customer": "Alick Glasebrook",
    "comment": "Duis consequat dui nec nisi volutpat eleifend. Donec ut dolor. Morbi vel lectus in quam fringilla rhoncus.\n\nMauris enim leo, rhoncus sed, vestibulum sit amet, cursus id, turpis. Integer aliquet, massa id lobortis convallis, tortor risus dapibus augue, vel accumsan tellus nisi eu orci. Mauris lacinia sapien quis libero.\n\nNullam sit amet turpis elementum ligula vehicula consequat. Morbi a ipsum. Integer a nibh."
  },
  {
    "order_id": "0199618704",
    "date": "2022-08-21",
    "customer": "Fern Ripping",
    "comment": "Proin interdum mauris non ligula pellentesque ultrices. Phasellus id sapien in sapien iaculis congue. Vivamus metus arcu, adipiscing molestie, hendrerit at, vulputate vitae, nisl.\n\nAenean lectus. Pellentesque eget nunc. Donec quis orci eget orci vehicula condimentum."
  },
  {
    "order_id": "6320603445",
    "date": "2022-09-25",
    "customer": "Vance Houlden",
    "comment": "Integer tincidunt ante vel ipsum. Praesent blandit lacinia erat. Vestibulum sed magna at nunc commodo placerat."
  },
  {
    "order_id": "7753026267",
    "date": "2023-02-14",
    "customer": "Mair Briggs",
    "comment": "Integer ac leo. Pellentesque ultrices mattis odio. Donec vitae nisi.\n\nNam ultrices, libero non mattis pulvinar, nulla pede ullamcorper augue, a suscipit nulla elit ac nulla. Sed vel enim sit amet nunc viverra dapibus. Nulla suscipit ligula in lacus.\n\nCurabitur at ipsum ac tellus semper interdum. Mauris ullamcorper purus sit amet nulla. Quisque arcu libero, rutrum ac, lobortis vel, dapibus at, diam."
  },
  {
    "order_id": "0822928663",
    "date": "2023-04-12",
    "customer": "Tirrell Almeida",
    "comment": "Phasellus sit amet erat. Nulla tempus. Vivamus in felis eu sapien cursus vestibulum."
  },
  {
    "order_id": "5813622608",
    "date": "2022-11-08",
    "customer": "Artemas Cossey",
    "comment": "Nullam sit amet turpis elementum ligula vehicula consequat. Morbi a ipsum. Integer a nibh.\n\nIn quis justo. Maecenas rhoncus aliquam lacus. Morbi quis tortor id nulla ultrices aliquet.\n\nMaecenas leo odio, condimentum id, luctus nec, molestie sed, justo. Pellentesque viverra pede ac diam. Cras pellentesque volutpat dui."
  },
  {
    "order_id": "8958848847",
    "date": "2023-01-07",
    "customer": "Leoline Ogger",
    "comment": "Curabitur gravida nisi at nibh. In hac habitasse platea dictumst. Aliquam augue quam, sollicitudin vitae, consectetuer eget, rutrum at, lorem."
  },
  {
    "order_id": "3602004651",
    "date": "2023-02-05",
    "customer": "Clevey Malpass",
    "comment": "In hac habitasse platea dictumst. Morbi vestibulum, velit id pretium iaculis, diam erat fermentum justo, nec condimentum neque sapien placerat ante. Nulla justo."
  },
  {
    "order_id": "1269789023",
    "date": "2023-04-08",
    "customer": "Cloe Sopp",
    "comment": "Nullam sit amet turpis elementum ligula vehicula consequat. Morbi a ipsum. Integer a nibh."
  },
  {
    "order_id": "7770114640",
    "date": "2022-08-02",
    "customer": "Rickard Shirtliff",
    "comment": "Quisque porta volutpat erat. Quisque erat eros, viverra eget, congue eget, semper rutrum, nulla. Nunc purus.\n\nPhasellus in felis. Donec semper sapien a libero. Nam dui."
  },
  {
    "order_id": "4780261635",
    "date": "2023-05-29",
    "customer": "Averyl Willowby",
    "comment": "Nam ultrices, libero non mattis pulvinar, nulla pede ullamcorper augue, a suscipit nulla elit ac nulla. Sed vel enim sit amet nunc viverra dapibus. Nulla suscipit ligula in lacus."
  },
  {
    "order_id": "5178056825",
    "date": "2023-02-21",
    "customer": "Horatius Mallen",
    "comment": "Quisque porta volutpat erat. Quisque erat eros, viverra eget, congue eget, semper rutrum, nulla. Nunc purus."
  },
  {
    "order_id": "5744414363",
    "date": "2022-06-16",
    "customer": "Doug Queste",
    "comment": "Maecenas ut massa quis augue luctus tincidunt. Nulla mollis molestie lorem. Quisque ut erat."
  }
]
